사용자,날짜/시간,화자,메시지,TMSSR,Potential,AI 피드백
"에베벱","2025. 12. 4. 오전 10:15:51","교사","음?","","","## 1. Eliciting (유도하기)

### 교사 발화 분석 및 해석
- ""잘 접근 했어. 하지만 길이를 모르는 두변을 붙였을때 삼각형이 만들어진다고 할수있을까?""
- ""그러면 어떻게 시도해 보는게 좋을까?""
- ""그러면 그 삼각형을 통해 두 삼각형은 어떤 합동인지 알아낼 수 있겠니?""

이 세 발화는 모두 학생의 사고를 유도(Eliciting)하는 전형적인 질문입니다. 교사는 학생의 기존 접근을 인정하면서도, 그 접근이 충분한지에 대해 다시 생각해보도록 유도하고 있습니다. 또한, 다음 단계로 나아가기 위한 방안을 학생 스스로 고민하게끔 질문을 던지고 있습니다. 마지막 질문에서는 학생이 만든 삼각형을 바탕으로 합동의 조건을 스스로 탐색하도록 유도하고 있습니다.

### 학생의 수학적 사고에 미치는 영향 평가
- 학생들이 단순히 답을 맞추는 데 그치지 않고, 왜 그런 접근이 필요한지, 그리고 그 접근이 타당한지 스스로 검증하는 과정을 경험하게 됩니다.
- 학생들이 자신의 생각을 구체적으로 설명하고, 논리적으로 사고하는 기회를 제공합니다.
- 학생 주도적 탐구와 자기 점검 능력을 강화하는 효과가 있습니다.

### 개선 방안 제안
- **구체적 근거 요청**: 학생이 ""길이가 다르면 삼각형이 안될수도 있어요.""라고 답했을 때, ""왜 그렇게 생각하니? 예를 들어 설명해볼 수 있을까?""와 같이 학생의 논리를 더 구체적으로 드러낼 수 있는 추가 질문을 던지면 좋습니다.
- **다양한 시도 격려**: ""다른 방법으로도 삼각형을 만들 수 있을까?""와 같이 다양한 접근을 시도해보도록 유도하면 학생의 창의적 사고가 더 활성화될 수 있습니다.
- **학생 간 상호작용 촉진**: 한 학생의 답변을 다른 학생에게 연결하여, ""진수의 생각에 대해 진서는 어떻게 생각하니?""와 같이 학생 간 토론을 유도할 수 있습니다.

---

## 2. Responding (반응하기)

### 교사 발화 분석 및 해석
- 해당 범주에 해당하는 발화가 없습니다.

### 학생의 수학적 사고에 미치는 영향 평가
- 교사가 학생의 답변에 대해 즉각적 피드백(칭찬, 정정, 확장 등)을 제공하는 반응적 발화가 부족합니다. 이는 학생의 자신감이나 동기 부여에 다소 아쉬움이 있을 수 있습니다.

### 개선 방안 제안
- **즉각적 피드백 제공**: 학생의 답변에 대해 ""좋은 생각이야!"", ""그 부분은 다시 생각해볼 필요가 있겠네."" 등 즉각적이고 구체적인 피드백을 제공하면 학생의 참여도가 높아질 수 있습니다.
- **부분적 인정과 확장**: 학생의 부분적 정답이나 창의적 시도를 인정하면서, ""네가 말한 부분이 흥미로워. 그런데 이 부분은 어떻게 생각해?""와 같이 반응적으로 대화를 이어가면 좋습니다.

---

## 3. Facilitating (촉진하기)

### 교사 발화 분석 및 해석
- ""그치. 같은 크기의 변끼리 붙여서 사용하면 삼각형을 만들수 있어.""

이 발화는 학생의 생각을 정리해주고, 올바른 방향으로 나아가도록 촉진(Facilitating)하는 역할을 합니다. 학생의 답변을 확인하며, 올바른 접근임을 명확히 해주고 있습니다.

### 학생의 수학적 사고에 미치는 영향 평가
- 학생이 자신의 생각이 맞았다는 확신을 갖게 되어, 이후 단계로 자연스럽게 넘어갈 수 있습니다.
- 다만, 촉진의 수준이 낮아(잠정적 확인에 그침) 학생의 사고를 더 깊이 확장시키는 데는 한계가 있습니다.

### 개선 방안 제안
- **학생 설명 유도**: ""왜 같은 크기의 변끼리 붙여야 삼각형이 만들어질까?""와 같이 학생이 자신의 논리를 직접 설명하도록 유도하면, 사고의 깊이가 더해질 수 있습니다.
- **다른 경우 탐색**: ""만약 다른 길이의 변을 붙이면 어떻게 될까?""와 같이 다양한 경우를 탐색하게 하여, 학생의 수학적 탐구심을 자극할 수 있습니다.

---

## 4. Extending (확장하기)

### 교사 발화 분석 및 해석
- 해당 범주에 해당하는 발화가 없습니다.

### 학생의 수학적 사고에 미치는 영향 평가
- 교사가 학생의 사고를 더 높은 수준으로 확장시키는 질문(예: 일반화, 새로운 상황 적용 등)이 부족합니다. 이는 학생의 수학적 사고의 폭을 넓히는 데 한계가 있을 수 있습니다.

### 개선 방안 제안
- **일반화 유도**: ""이 방법을 다른 삼각형에도 적용할 수 있을까?"", ""삼각형이 아닌 다른 도형에서는 어떻게 될까?"" 등 학생이 배운 개념을 더 넓은 맥락에서 생각해보도록 유도합니다.
- **실생활 연결**: ""실제로 이런 삼각형을 어디에서 볼 수 있을까?""와 같이 실생활과 연결하여 사고의 폭을 넓힐 수 있습니다.
- **추가 탐구 제안**: ""만약 변의 길이가 소수일 때도 같은 방법이 적용될까?""와 같이 추가적인 탐구 과제를 제시할 수 있습니다.

---

**종합 피드백**  
본 대화에서는 Eliciting(유도하기) 범주가 매우 효과적으로 활용되었으나, Responding(반응하기)와 Extending(확장하기) 범주가 부족한 점이 아쉽습니다. 학생의 사고를 더 깊고 넓게 확장하기 위해서는 즉각적 피드백과 다양한 확장 질문이 추가적으로 필요합니다. TMSSR Framework의 각 범주를 균형 있게 활용한다면 학생의 수학적 사고력 신장에 더욱 효과적일 것입니다."
"에베벱","2025. 12. 4. 오전 10:15:51","희정","이등변삼각형.","","",""
"에베벱","2025. 12. 4. 오전 10:15:51","교사","보여주세요. .","","",""
"에베벱","2025. 12. 4. 오전 10:15:51","진수","했어요, 했어요!","","",""
"에베벱","2025. 12. 4. 오전 10:15:51","교사","오, 했어 했어?","","",""
"에베벱","2025. 12. 4. 오전 10:15:51","희정","(희정은 두 삼각형에서 길이를 모르는 변끼리 붙여서, 5cm인 두 변과 6cm인 밑변(3+3)을 가진 큰 삼각형을 만들고) 자 5cm, 여기도 5cm, 3cm, 3cm. 직각, 얘, 얘 이용하면 돼요. 이렇게 SAS.","","",""
"에베벱","2025. 12. 4. 오전 10:15:51","교사","잘 접근 했어. 하지만 길이를 모르는 두변을 붙였을때 삼각형이 만들어진다고 할수있을까?","Eliciting","High",""
"에베벱","2025. 12. 4. 오전 10:15:51","진수","길이가 다르면 삼각형이 안될수도 있어요.","","",""
"에베벱","2025. 12. 4. 오전 10:15:51","교사","그러면 어떻게 시도해 보는게 좋을까?","Eliciting","High",""
"에베벱","2025. 12. 4. 오전 10:15:51","진서","3cm인 변끼리 붙여서 이등변 삼각형을 만들면 되요.","","",""
"에베벱","2025. 12. 4. 오전 10:15:51","교사","그치. 같은 크기의 변끼리 붙여서 사용하면 삼각형을 만들수 있어.","Facilitating","Low",""
"에베벱","2025. 12. 4. 오전 10:15:51","희주","그러면 두변이 5cm이고 높이가 3인 이등변 삼각형을 만들수 있어요.","","",""
"에베벱","2025. 12. 4. 오전 10:15:51","교사","그러면 그 삼각형을 통해 두 삼각형은 어떤 합동인지 알아낼 수 있겠니?","Eliciting","High",""
